feature,mean_abs_shap
timestamp,0.80127764
day_of_year,0.15807039
pm_ratio,0.04531551
day,0.043320928
pm2_5_lag1,0.037267197
pm10_lag3,0.031553566
pm2_5_x_no2,0.030738391
co,0.025745047
so2,0.023926519
so2_x_pm10,0.02091157
pm2_5,0.019997044
co_lag12,0.019189114
no,0.018571328
pm10,0.017862653
hour,0.014502166
o3,0.012876947
no2,0.008006409
day_of_week,0.0072495816
pm10_lag1,0.0065746834
month,0.0053347964
aqi,0.0041459613
aqi_trend6,0.003947754
nh3,0.003792089
aqi_lag1,0.0034501816
week,0.0025408787
aqi_trend3,0.0013707738
aqi_change_rate,0.00012248574
